CsvFileVersion,11.0[Brief]
ApplicationNameAndVersion,Wave Recorder 1.0.7042 (7042)
SessionStartDateTime,2023-04-05T19:25:45.7557050-07:00
Properties.UserId,d75db12c-d141-4019-8af4-7e516102ed35
Properties.Email,ntfury@arizona.edu
AlgorithmProtocolVersion,DL1.10
EegSignalProcessor.Id,"A1"
MobileDevice.Manufacturer,"Apple"
MobileDevice.Model,"iPhone 12 Pro"
MobileDevice.DeviceType,"Physical"
MobileDevice.VersionString,"16.3.1"

Data Begin: 2023-04-05T19:25:45.8074830-07:00; WAVE-1|94740d5a-283b-5ebf-ebfa-e5684a844f0f; LogicState: Default1
Settings.Version,"4.0"
Time,Seconds,delta%,theta%,alpha%,sigma%,High-beta,SleepStage,EegQuality,Attributes
2023-04-05T19:25:49,4,39%,24%,14%,8%,15%,Awake,0,
2023-04-05T19:25:53,8,47%,19%,7%,5%,22%,Awake,0,
2023-04-05T19:25:57,12,18%,18%,9%,13%,42%,Awake,0,
2023-04-05T19:26:01,16,15%,23%,14%,11%,38%,Awake,0,
2023-04-05T19:26:05,20,28%,23%,11%,7%,31%,Awake,0,
2023-04-05T19:26:09,24,34%,13%,10%,17%,25%,Awake,0,
2023-04-05T19:26:13,28,50%,22%,8%,6%,14%,Awake,0,
2023-04-05T19:26:17,32,39%,22%,10%,5%,23%,Awake,0,
2023-04-05T19:26:21,36,17%,16%,8%,9%,50%,Awake,0,
2023-04-05T19:26:25,40,39%,11%,9%,8%,33%,Awake,0,
2023-04-05T19:26:29,44,28%,19%,7%,7%,39%,Awake,0,
2023-04-05T19:26:33,48,16%,15%,9%,11%,50%,Awake,0,
2023-04-05T19:26:37,52,9%,14%,9%,10%,58%,Awake,0,
2023-04-05T19:26:41,56,45%,13%,8%,9%,25%,Awake,0,
2023-04-05T19:26:45,60,17%,14%,9%,7%,53%,Awake,0,
2023-04-05T19:26:49,64,17%,10%,7%,10%,56%,Awake,0,
2023-04-05T19:26:53,68,21%,18%,9%,10%,41%,Awake,0,
2023-04-05T19:26:57,72,37%,16%,7%,7%,33%,Awake,0,
2023-04-05T19:27:01,76,34%,11%,16%,9%,31%,Awake,0,
2023-04-05T19:27:05,80,32%,15%,11%,11%,31%,Awake,0,
2023-04-05T19:27:09,84,16%,12%,7%,8%,57%,Awake,0,
2023-04-05T19:27:13,88,26%,17%,7%,8%,42%,Awake,0,
2023-04-05T19:27:17,92,12%,9%,7%,11%,61%,Awake,0,
2023-04-05T19:27:21,96,21%,12%,12%,10%,45%,Awake,0,
2023-04-05T19:27:25,100,36%,12%,7%,9%,36%,Awake,0,
2023-04-05T19:27:29,104,24%,8%,8%,6%,53%,Awake,0,
2023-04-05T19:27:33,108,20%,22%,12%,13%,33%,Awake,0,
2023-04-05T19:27:37,112,19%,12%,10%,9%,50%,Awake,0,
2023-04-05T19:27:41,116,7%,19%,10%,13%,51%,Awake,0,
2023-04-05T19:27:45,120,11%,18%,11%,9%,51%,Awake,0,
2023-04-05T19:27:49,124,28%,14%,7%,7%,45%,Awake,0,
2023-04-05T19:27:53,128,8%,16%,10%,8%,58%,Awake,0,
2023-04-05T19:27:57,132,26%,10%,10%,9%,44%,Awake,0,
2023-04-05T19:28:01,136,8%,12%,11%,11%,58%,Awake,0,
2023-04-05T19:28:05,140,11%,12%,10%,10%,57%,Awake,0,
2023-04-05T19:28:09,144,9%,12%,8%,7%,63%,Awake,0,
2023-04-05T19:28:13,148,9%,13%,8%,6%,64%,Awake,0,
2023-04-05T19:28:17,152,42%,12%,6%,8%,32%,Awake,0,
2023-04-05T19:28:21,156,9%,10%,7%,8%,65%,Awake,0,
2023-04-05T19:28:25,160,6%,11%,8%,10%,65%,Awake,0,
2023-04-05T19:28:29,163,6%,16%,9%,9%,59%,Awake,0,
2023-04-05T19:28:33,168,9%,9%,10%,9%,64%,Awake,0,
2023-04-05T19:28:37,172,32%,18%,11%,7%,33%,Awake,0,
2023-04-05T19:28:41,176,37%,19%,10%,7%,27%,Awake,0,
2023-04-05T19:28:45,180,37%,19%,15%,7%,21%,Awake,0,
2023-04-05T19:28:49,184,23%,28%,18%,8%,22%,Awake,0,
2023-04-05T19:28:53,188,22%,18%,11%,11%,37%,Awake,0,
2023-04-05T19:28:57,192,6%,9%,11%,8%,66%,Awake,0,
2023-04-05T19:29:01,196,7%,13%,13%,8%,60%,Awake,0,
2023-04-05T19:29:05,200,10%,9%,7%,9%,65%,Awake,0,
2023-04-05T19:29:09,204,6%,9%,8%,8%,70%,Awake,0,
2023-04-05T19:29:13,208,25%,19%,13%,9%,34%,Awake,0,
2023-04-05T19:29:17,212,15%,21%,11%,14%,38%,Awake,0,
2023-04-05T19:29:21,216,39%,20%,9%,13%,19%,Awake,0,
2023-04-05T19:29:25,220,28%,16%,9%,8%,39%,Awake,0,
2023-04-05T19:29:29,223,29%,15%,12%,9%,35%,Awake,0,
2023-04-05T19:29:33,228,6%,13%,10%,9%,63%,Awake,0,
2023-04-05T19:29:37,232,9%,10%,10%,10%,60%,Awake,0,
2023-04-05T19:29:41,235,6%,12%,11%,11%,60%,Awake,0,
2023-04-05T19:29:45,240,9%,12%,10%,11%,59%,Awake,0,
2023-04-05T19:29:49,244,28%,19%,8%,8%,38%,Awake,0,
2023-04-05T19:29:53,247,26%,12%,7%,11%,44%,Awake,0,
2023-04-05T19:29:57,252,23%,12%,12%,9%,44%,Awake,0,
2023-04-05T19:30:01,256,7%,10%,9%,8%,66%,Awake,0,
2023-04-05T19:30:05,259,22%,14%,12%,8%,43%,Awake,0,
2023-04-05T19:30:09,264,25%,12%,7%,7%,49%,Awake,0,
2023-04-05T19:30:13,268,32%,25%,11%,9%,24%,Awake,0,
2023-04-05T19:30:17,272,41%,27%,9%,6%,17%,Awake,0,
2023-04-05T19:30:21,276,45%,12%,7%,6%,31%,Awake,0,
2023-04-05T19:30:25,280,21%,16%,11%,9%,42%,Awake,0,
2023-04-05T19:30:29,284,6%,11%,7%,8%,67%,Awake,0,
2023-04-05T19:30:33,288,7%,13%,8%,10%,62%,Awake,0,
2023-04-05T19:30:37,292,25%,20%,14%,7%,33%,Awake,0,
2023-04-05T19:30:41,296,23%,18%,9%,9%,41%,Awake,0,
2023-04-05T19:30:45,300,21%,14%,7%,9%,49%,Unknown,0,
2023-04-05T19:30:49,304,30%,14%,7%,8%,41%,Unknown,0,
2023-04-05T19:30:53,308,51%,13%,9%,5%,23%,Unknown,0,
2023-04-05T19:30:57,312,26%,20%,10%,8%,35%,Unknown,0,
2023-04-05T19:31:01,316,39%,17%,8%,4%,32%,Unknown,0,
2023-04-05T19:31:05,320,39%,16%,7%,7%,30%,Unknown,0,
2023-04-05T19:31:09,324,6%,12%,11%,11%,60%,Unknown,0,
2023-04-05T19:31:13,328,7%,17%,8%,7%,61%,Unknown,0,
2023-04-05T19:31:17,331,14%,20%,11%,16%,38%,Unknown,0,
2023-04-05T19:31:21,335,6%,11%,10%,9%,64%,Unknown,0,
2023-04-05T19:31:25,340,7%,11%,9%,10%,64%,Unknown,0,
2023-04-05T19:31:29,343,10%,9%,7%,8%,65%,Unknown,0,
2023-04-05T19:31:33,347,23%,24%,10%,11%,33%,Unknown,0,
2023-04-05T19:31:37,352,36%,23%,13%,6%,22%,Unknown,0,
2023-04-05T19:31:41,355,13%,16%,13%,13%,45%,Awake,0,
2023-04-05T19:31:45,360,11%,10%,8%,11%,61%,Awake,0,
2023-04-05T19:31:49,364,16%,18%,12%,11%,44%,Awake,0,
2023-04-05T19:31:53,367,9%,10%,13%,10%,57%,Awake,0,
2023-04-05T19:31:57,371,5%,10%,9%,9%,67%,Awake,0,
2023-04-05T19:32:01,376,25%,11%,12%,6%,46%,Awake,0,
2023-04-05T19:32:05,379,21%,13%,9%,7%,51%,Awake,0,
2023-04-05T19:32:09,384,8%,10%,9%,9%,64%,Awake,0,
2023-04-05T19:32:13,388,5%,11%,8%,11%,64%,Awake,0,
2023-04-05T19:32:17,391,9%,11%,8%,9%,62%,Awake,0,
2023-04-05T19:32:21,396,21%,16%,11%,9%,43%,Awake,0,
2023-04-05T19:32:25,400,6%,12%,9%,8%,65%,Awake,0,
2023-04-05T19:32:29,404,6%,9%,7%,9%,69%,Awake,0,
2023-04-05T19:32:33,408,8%,11%,10%,8%,64%,Awake,0,
2023-04-05T19:32:37,412,7%,11%,9%,11%,62%,Awake,0,
2023-04-05T19:32:41,416,8%,10%,8%,9%,65%,Awake,0,
2023-04-05T19:32:45,420,11%,9%,9%,9%,62%,Awake,0,
2023-04-05T19:32:49,424,10%,22%,11%,9%,48%,Awake,0,
2023-04-05T19:32:53,427,21%,16%,11%,9%,43%,Awake,0,
2023-04-05T19:32:57,431,18%,16%,12%,14%,39%,Awake,0,
2023-04-05T19:33:01,436,7%,10%,9%,8%,66%,Awake,0,
2023-04-05T19:33:05,439,8%,7%,9%,9%,67%,Awake,0,
2023-04-05T19:33:09,444,9%,11%,10%,14%,56%,Awake,0,
2023-04-05T19:33:13,448,14%,9%,10%,11%,56%,Awake,0,
2023-04-05T19:33:17,451,8%,7%,10%,10%,64%,Awake,0,
2023-04-05T19:33:21,456,7%,12%,8%,10%,63%,Awake,0,
2023-04-05T19:33:25,460,8%,9%,8%,7%,67%,Awake,0,
2023-04-05T19:33:29,464,10%,8%,9%,10%,63%,Awake,0,
2023-04-05T19:33:33,468,6%,12%,9%,10%,64%,Awake,0,
2023-04-05T19:33:37,472,5%,10%,11%,10%,63%,Awake,0,
2023-04-05T19:33:41,476,13%,15%,10%,13%,48%,Awake,0,
2023-04-05T19:33:45,480,20%,23%,11%,10%,37%,Awake,0,
2023-04-05T19:33:49,484,9%,13%,12%,9%,57%,Awake,0,
2023-04-05T19:33:53,487,9%,10%,9%,10%,62%,Awake,0,
2023-04-05T19:33:57,491,10%,13%,9%,6%,62%,Awake,0,
2023-04-05T19:34:01,496,11%,14%,9%,8%,58%,Awake,0,
2023-04-05T19:34:05,499,9%,11%,12%,12%,56%,Awake,0,
2023-04-05T19:34:09,504,10%,10%,7%,11%,62%,Awake,0,
2023-04-05T19:34:13,508,8%,10%,8%,12%,62%,Awake,0,
2023-04-05T19:34:17,512,8%,10%,8%,11%,63%,Awake,0,
2023-04-05T19:34:21,516,7%,12%,9%,11%,61%,Awake,0,
2023-04-05T19:34:25,520,18%,19%,13%,16%,34%,Awake,0,
2023-04-05T19:34:29,524,11%,10%,11%,11%,56%,Awake,0,
2023-04-05T19:34:33,528,7%,11%,11%,15%,56%,Awake,0,
2023-04-05T19:34:37,532,10%,13%,11%,12%,53%,Awake,0,
2023-04-05T19:34:41,536,10%,11%,11%,10%,59%,Awake,0,
2023-04-05T19:34:45,540,13%,13%,11%,12%,50%,Awake,0,
2023-04-05T19:34:49,544,24%,16%,10%,10%,41%,Awake,0,
2023-04-05T19:34:53,547,20%,17%,15%,8%,39%,Awake,0,
2023-04-05T19:34:57,551,7%,10%,8%,13%,62%,Awake,0,
2023-04-05T19:35:01,556,10%,16%,11%,9%,54%,Awake,0,
2023-04-05T19:35:05,559,8%,13%,10%,12%,56%,Awake,0,
2023-04-05T19:35:09,563,9%,17%,10%,11%,53%,Awake,0,
2023-04-05T19:35:13,568,7%,13%,9%,15%,56%,Awake,0,
2023-04-05T19:35:17,571,12%,14%,12%,11%,51%,Awake,0,
2023-04-05T19:35:21,576,11%,14%,12%,11%,52%,Awake,0,
2023-04-05T19:35:25,580,9%,13%,10%,12%,56%,Awake,0,
2023-04-05T19:35:29,583,7%,16%,10%,12%,55%,Awake,0,
2023-04-05T19:35:33,588,6%,14%,8%,14%,58%,Awake,0,
2023-04-05T19:35:37,592,7%,17%,13%,11%,52%,Awake,0,
2023-04-05T19:35:41,595,11%,14%,11%,12%,52%,Awake,0,
2023-04-05T19:35:45,600,8%,19%,11%,11%,51%,Awake,0,
2023-04-05T19:35:49,604,12%,17%,7%,15%,49%,Awake,0,
2023-04-05T19:35:53,607,6%,14%,12%,13%,55%,Awake,0,
2023-04-05T19:35:57,612,13%,12%,10%,13%,52%,Awake,0,
2023-04-05T19:36:01,616,11%,16%,13%,11%,48%,Awake,0,
2023-04-05T19:36:05,619,10%,16%,11%,14%,49%,Awake,0,
2023-04-05T19:36:09,623,8%,19%,13%,11%,49%,Awake,0,
2023-04-05T19:36:13,627,11%,17%,12%,12%,47%,Awake,0,
2023-04-05T19:36:17,631,8%,17%,12%,13%,50%,Awake,0,
2023-04-05T19:36:21,635,10%,17%,16%,11%,46%,Awake,0,
2023-04-05T19:36:25,640,12%,16%,15%,8%,49%,Awake,0,
2023-04-05T19:36:29,643,14%,19%,11%,14%,42%,Awake,0,
2023-04-05T19:36:33,647,13%,16%,11%,11%,49%,Awake,0,
2023-04-05T19:36:37,652,12%,13%,12%,8%,54%,Awake,0,
2023-04-05T19:36:41,655,8%,21%,8%,10%,53%,Awake,0,
2023-04-05T19:36:45,660,10%,14%,11%,9%,55%,Awake,0,
2023-04-05T19:36:49,664,13%,17%,12%,10%,49%,Awake,0,
2023-04-05T19:36:53,667,29%,36%,12%,7%,17%,Awake,0,
2023-04-05T19:36:57,672,29%,30%,10%,7%,24%,Awake,0,
2023-04-05T19:37:01,676,40%,31%,9%,8%,12%,Awake,0,
2023-04-05T19:37:05,679,25%,24%,13%,11%,27%,Awake,0,
2023-04-05T19:37:09,683,44%,23%,13%,6%,14%,Awake,0,
2023-04-05T19:37:13,687,31%,31%,12%,7%,19%,Awake,0,
2023-04-05T19:37:17,691,28%,26%,14%,10%,22%,Awake,0,
2023-04-05T19:37:21,695,30%,30%,12%,9%,18%,Awake,0,
2023-04-05T19:37:25,700,35%,21%,16%,8%,19%,Awake,0,
2023-04-05T19:37:29,703,43%,24%,11%,6%,17%,Awake,0,
2023-04-05T19:37:33,707,34%,26%,12%,7%,21%,Awake,0,
2023-04-05T19:37:37,712,24%,25%,17%,11%,22%,Awake,0,
2023-04-05T19:37:41,715,26%,25%,13%,12%,24%,Awake,75,
2023-04-05T19:37:45,720,18%,19%,18%,19%,25%,Awake,60,
2023-04-05T19:37:49,724,46%,27%,10%,6%,11%,Awake,0,
2023-04-05T19:37:53,727,18%,16%,13%,11%,42%,Awake,0,
2023-04-05T19:37:57,732,17%,21%,14%,10%,39%,Awake,0,
2023-04-05T19:38:01,736,42%,26%,11%,6%,15%,Awake,0,
2023-04-05T19:38:05,739,46%,24%,11%,6%,12%,Awake,0,
2023-04-05T19:38:09,744,42%,19%,10%,7%,22%,Awake,0,
2023-04-05T19:38:13,748,57%,18%,10%,5%,10%,Awake,0,
2023-04-05T19:38:17,751,22%,14%,12%,9%,43%,Awake,0,
2023-04-05T19:38:21,755,55%,28%,6%,5%,6%,Awake,0,
2023-04-05T19:38:25,760,42%,21%,9%,6%,22%,Awake,0,
2023-04-05T19:38:29,763,17%,18%,16%,14%,36%,Awake,0,
2023-04-05T19:38:33,768,20%,13%,16%,14%,38%,Awake,0,
2023-04-05T19:38:37,772,22%,16%,18%,10%,34%,Awake,0,
2023-04-05T19:38:41,775,19%,13%,17%,13%,38%,Awake,0,
2023-04-05T19:38:45,779,20%,16%,16%,11%,37%,Awake,0,
2023-04-05T19:38:49,783,16%,16%,18%,11%,39%,Awake,0,
2023-04-05T19:38:53,787,50%,25%,11%,5%,9%,Awake,0,
2023-04-05T19:38:57,791,47%,22%,9%,6%,16%,Awake,0,
2023-04-05T19:39:01,795,30%,26%,9%,8%,27%,Awake,0,
2023-04-05T19:39:05,799,24%,18%,15%,14%,29%,Awake,0,
2023-04-05T19:39:09,803,18%,19%,17%,12%,34%,Awake,0,
2023-04-05T19:39:13,807,27%,25%,12%,11%,25%,Awake,0,
2023-04-05T19:39:17,811,15%,20%,18%,12%,35%,Awake,0,
2023-04-05T19:39:21,815,21%,18%,17%,15%,30%,Awake,0,
2023-04-05T19:39:25,819,25%,17%,16%,13%,28%,Awake,0,
2023-04-05T19:39:29,823,12%,15%,20%,16%,37%,Awake,0,
2023-04-05T19:39:33,827,15%,22%,21%,11%,31%,Awake,0,
2023-04-05T19:39:37,832,19%,17%,20%,13%,31%,Awake,0,
2023-04-05T19:39:41,835,24%,17%,15%,11%,33%,Awake,0,
2023-04-05T19:39:45,839,18%,17%,18%,13%,34%,Awake,0,
2023-04-05T19:39:49,844,15%,17%,15%,12%,41%,Awake,0,
2023-04-05T19:39:53,847,14%,16%,22%,12%,35%,Awake,0,
2023-04-05T19:39:57,851,19%,19%,17%,12%,34%,Awake,0,
2023-04-05T19:40:01,856,18%,15%,15%,12%,40%,Awake,0,
2023-04-05T19:40:05,859,25%,16%,19%,11%,29%,Awake,0,
2023-04-05T19:40:09,863,19%,22%,15%,11%,33%,Awake,0,
2023-04-05T19:40:13,868,17%,16%,19%,14%,34%,Awake,0,
2023-04-05T19:40:17,871,22%,15%,15%,14%,33%,Awake,0,
2023-04-05T19:40:21,875,17%,16%,20%,12%,36%,Awake,0,
2023-04-05T19:40:25,880,21%,18%,15%,10%,36%,Awake,0,
2023-04-05T19:40:29,883,18%,18%,10%,9%,45%,Awake,0,
2023-04-05T19:40:33,887,17%,15%,21%,11%,35%,Awake,0,
2023-04-05T19:40:37,892,23%,21%,11%,10%,35%,Awake,0,
2023-04-05T19:40:41,895,21%,11%,14%,12%,41%,Awake,0,
2023-04-05T19:40:45,900,19%,19%,16%,14%,33%,Awake,0,
2023-04-05T19:40:49,904,22%,17%,16%,11%,34%,Awake,0,
2023-04-05T19:40:53,907,18%,19%,15%,11%,36%,Awake,0,
2023-04-05T19:40:57,912,17%,22%,16%,13%,32%,Awake,0,
2023-04-05T19:41:01,916,18%,14%,16%,14%,38%,Awake,0,
2023-04-05T19:41:05,919,21%,19%,13%,15%,32%,Awake,0,
2023-04-05T19:41:09,923,22%,19%,13%,12%,33%,Awake,0,
2023-04-05T19:41:13,928,24%,14%,16%,12%,35%,Awake,0,
2023-04-05T19:41:17,931,20%,20%,19%,12%,28%,Awake,0,
2023-04-05T19:41:21,935,21%,12%,21%,11%,34%,Awake,0,
2023-04-05T19:41:25,939,19%,14%,18%,10%,38%,Awake,0,
2023-04-05T19:41:29,943,16%,17%,17%,16%,35%,Awake,0,
2023-04-05T19:41:33,947,30%,15%,13%,13%,29%,Awake,0,
2023-04-05T19:41:37,951,23%,18%,17%,12%,29%,Awake,0,
2023-04-05T19:41:41,955,19%,15%,16%,13%,36%,Awake,0,
2023-04-05T19:41:45,959,18%,23%,14%,12%,34%,Awake,0,
2023-04-05T19:41:49,963,25%,19%,21%,10%,25%,Awake,0,
2023-04-05T19:41:53,967,19%,16%,16%,16%,32%,Awake,0,
2023-04-05T19:41:57,971,23%,18%,19%,11%,30%,Awake,0,
2023-04-05T19:42:01,976,27%,22%,20%,9%,23%,Awake,0,
2023-04-05T19:42:05,979,20%,20%,13%,15%,32%,Awake,0,
2023-04-05T19:42:09,983,16%,23%,15%,11%,35%,Awake,0,
2023-04-05T19:42:13,987,15%,18%,18%,14%,35%,Awake,0,
2023-04-05T19:42:17,991,19%,21%,13%,12%,35%,Awake,0,
2023-04-05T19:42:21,995,18%,16%,19%,14%,33%,Awake,0,
2023-04-05T19:42:25,1000,15%,22%,15%,17%,31%,Awake,0,
2023-04-05T19:42:29,1003,17%,19%,17%,11%,37%,Awake,0,
2023-04-05T19:42:33,1007,25%,21%,12%,10%,32%,Awake,0,
2023-04-05T19:42:37,1012,18%,18%,18%,14%,31%,Awake,0,
2023-04-05T19:42:41,1015,15%,16%,21%,13%,35%,Awake,0,
2023-04-05T19:42:45,1019,22%,19%,12%,18%,29%,Awake,0,
2023-04-05T19:42:49,1024,18%,21%,12%,16%,33%,Awake,0,
2023-04-05T19:42:53,1027,20%,15%,18%,14%,33%,Awake,0,
2023-04-05T19:42:57,1031,14%,16%,19%,13%,38%,Awake,0,
2023-04-05T19:43:01,1036,21%,13%,17%,13%,37%,Awake,0,
2023-04-05T19:43:05,1039,16%,22%,17%,9%,35%,Awake,0,
2023-04-05T19:43:09,1043,15%,22%,21%,11%,32%,Awake,0,
2023-04-05T19:43:13,1048,27%,28%,17%,9%,19%,Awake,0,
2023-04-05T19:43:17,1051,13%,22%,20%,11%,34%,Awake,0,
2023-04-05T19:43:21,1055,15%,20%,15%,12%,38%,Awake,0,
2023-04-05T19:43:25,1060,17%,21%,14%,17%,31%,Awake,0,
2023-04-05T19:43:29,1063,23%,16%,19%,12%,30%,Awake,0,
2023-04-05T19:43:33,1067,15%,18%,19%,14%,33%,Awake,0,
2023-04-05T19:43:37,1072,22%,15%,18%,14%,31%,Awake,0,
2023-04-05T19:43:41,1075,16%,18%,17%,16%,33%,Awake,0,
2023-04-05T19:43:45,1079,20%,18%,18%,16%,29%,Awake,0,
2023-04-05T19:43:49,1084,13%,21%,19%,17%,30%,Awake,0,
2023-04-05T19:43:53,1087,19%,19%,14%,18%,29%,Awake,0,
2023-04-05T19:43:57,1091,13%,21%,16%,17%,33%,Awake,0,
2023-04-05T19:44:01,1096,17%,20%,18%,12%,33%,Awake,0,
2023-04-05T19:44:05,1099,23%,25%,13%,10%,28%,Awake,0,
2023-04-05T19:44:09,1103,13%,21%,20%,12%,34%,Awake,0,
2023-04-05T19:44:13,1108,18%,22%,15%,12%,34%,Awake,0,
2023-04-05T19:44:17,1111,31%,22%,15%,8%,24%,Awake,0,
2023-04-05T19:44:21,1115,25%,17%,16%,12%,30%,Awake,0,
2023-04-05T19:44:25,1119,17%,14%,17%,20%,33%,Awake,0,
2023-04-05T19:44:29,1123,28%,21%,12%,10%,29%,Awake,0,
2023-04-05T19:44:33,1127,52%,26%,9%,4%,9%,Awake,0,
2023-04-05T19:44:37,1131,53%,21%,10%,5%,11%,Awake,0,
2023-04-05T19:44:41,1135,16%,23%,15%,9%,36%,Awake,0,
2023-04-05T19:44:45,1139,17%,25%,14%,10%,33%,Awake,0,
2023-04-05T19:44:49,1143,22%,17%,18%,12%,31%,Awake,0,
2023-04-05T19:44:53,1147,18%,22%,13%,14%,32%,Awake,0,
2023-04-05T19:44:57,1151,10%,21%,18%,14%,36%,Awake,0,
2023-04-05T19:45:01,1155,13%,19%,18%,15%,35%,Awake,0,
2023-04-05T19:45:05,1159,14%,22%,13%,15%,36%,Awake,0,
2023-04-05T19:45:09,1164,23%,19%,15%,11%,32%,Awake,0,
2023-04-05T19:45:13,1167,13%,24%,18%,13%,32%,Awake,0,
2023-04-05T19:45:17,1171,16%,16%,17%,16%,35%,Awake,0,
2023-04-05T19:45:21,1175,13%,16%,17%,13%,42%,Awake,0,
2023-04-05T19:45:25,1179,21%,19%,20%,13%,27%,Awake,0,
2023-04-05T19:45:29,1183,16%,19%,17%,14%,34%,Awake,0,
2023-04-05T19:45:33,1187,12%,23%,18%,12%,35%,Awake,0,
2023-04-05T19:45:37,1191,18%,20%,14%,14%,34%,Awake,0,
2023-04-05T19:45:41,1195,11%,19%,17%,17%,37%,Awake,0,
2023-04-05T19:45:45,1199,17%,21%,19%,11%,31%,Awake,0,
2023-04-05T19:45:49,1204,15%,27%,15%,15%,28%,Awake,0,
2023-04-05T19:45:53,1208,21%,20%,17%,9%,33%,Awake,0,
2023-04-05T19:45:57,1211,15%,20%,16%,11%,37%,Awake,0,
2023-04-05T19:46:01,1215,13%,16%,19%,14%,38%,Awake,0,
2023-04-05T19:46:05,1219,19%,16%,19%,15%,31%,Awake,0,
2023-04-05T19:46:09,1223,14%,25%,14%,16%,31%,Awake,0,
2023-04-05T19:46:13,1227,19%,20%,18%,13%,30%,Awake,0,
2023-04-05T19:46:17,1231,20%,21%,14%,12%,32%,Awake,0,
2023-04-05T19:46:21,1235,16%,21%,17%,11%,35%,Awake,0,
2023-04-05T19:46:25,1239,19%,21%,16%,12%,31%,Awake,0,
2023-04-05T19:46:29,1243,15%,25%,17%,12%,31%,Awake,0,
2023-04-05T19:46:33,1247,15%,21%,15%,17%,31%,Awake,0,
2023-04-05T19:46:37,1251,22%,20%,16%,11%,32%,Awake,0,
2023-04-05T19:46:41,1255,17%,18%,16%,14%,34%,Awake,0,
2023-04-05T19:46:45,1259,20%,20%,17%,11%,32%,Awake,0,
2023-04-05T19:46:49,1263,20%,16%,17%,15%,33%,Awake,0,
2023-04-05T19:46:53,1267,14%,20%,17%,17%,33%,Awake,0,
2023-04-05T19:46:57,1271,19%,22%,17%,14%,28%,Awake,0,
2023-04-05T19:47:01,1275,17%,21%,16%,14%,32%,Awake,0,
2023-04-05T19:47:05,1279,16%,19%,15%,14%,35%,Awake,0,
2023-04-05T19:47:09,1283,22%,20%,14%,13%,31%,Awake,0,
2023-04-05T19:47:13,1287,57%,11%,9%,7%,16%,Awake,0,
2023-04-05T19:47:17,1291,20%,19%,19%,13%,30%,Awake,0,
2023-04-05T19:47:21,1295,17%,22%,18%,11%,31%,Awake,0,
2023-04-05T19:47:25,1299,14%,21%,19%,13%,33%,Awake,0,
2023-04-05T19:47:29,1304,26%,16%,12%,17%,29%,Awake,0,
2023-04-05T19:47:33,1307,16%,20%,18%,13%,32%,Awake,0,
2023-04-05T19:47:37,1311,44%,18%,9%,5%,24%,Awake,0,
2023-04-05T19:47:41,1315,20%,23%,17%,12%,28%,Awake,0,
2023-04-05T19:47:45,1319,23%,21%,11%,15%,30%,Awake,0,
2023-04-05T19:47:49,1323,20%,30%,16%,12%,22%,Awake,0,
2023-04-05T19:47:53,1327,24%,21%,14%,12%,29%,Awake,0,
2023-04-05T19:47:57,1331,38%,16%,14%,9%,24%,Awake,0,
2023-04-05T19:48:01,1335,13%,23%,18%,11%,35%,Awake,0,
2023-04-05T19:48:05,1339,22%,18%,17%,12%,30%,Awake,0,
2023-04-05T19:48:09,1343,21%,14%,16%,11%,38%,Awake,0,
2023-04-05T19:48:13,1347,14%,21%,18%,16%,31%,Awake,0,
2023-04-05T19:48:17,1351,20%,20%,11%,20%,29%,Awake,0,
2023-04-05T19:48:21,1355,19%,19%,16%,13%,32%,Awake,0,
2023-04-05T19:48:25,1359,18%,20%,17%,16%,30%,Awake,0,
2023-04-05T19:48:29,1363,20%,22%,16%,14%,29%,Awake,0,
2023-04-05T19:48:33,1367,19%,18%,20%,15%,28%,Awake,0,
2023-04-05T19:48:37,1371,16%,20%,13%,17%,34%,Awake,0,
2023-04-05T19:48:41,1376,21%,21%,13%,15%,29%,Awake,0,
2023-04-05T19:48:45,1379,14%,27%,16%,9%,35%,Awake,0,
2023-04-05T19:48:49,1383,15%,25%,14%,10%,36%,Awake,0,
2023-04-05T19:48:53,1388,15%,26%,16%,13%,30%,Awake,0,
2023-04-05T19:48:57,1391,19%,19%,17%,11%,34%,Awake,0,
2023-04-05T19:49:01,1395,15%,22%,17%,11%,35%,Awake,0,
2023-04-05T19:49:05,1399,14%,22%,21%,13%,31%,Awake,0,
2023-04-05T19:49:09,1403,17%,20%,20%,10%,32%,Awake,0,
2023-04-05T19:49:13,1407,19%,21%,15%,17%,28%,Awake,0,
2023-04-05T19:49:17,1412,13%,22%,20%,13%,31%,Awake,0,
2023-04-05T19:49:21,1415,18%,19%,21%,12%,30%,Awake,0,
2023-04-05T19:49:25,1419,10%,22%,18%,17%,33%,Awake,0,
2023-04-05T19:49:29,1424,19%,23%,15%,18%,26%,Awake,0,
2023-04-05T19:49:33,1427,18%,21%,16%,12%,32%,Awake,0,
2023-04-05T19:49:37,1431,15%,21%,14%,15%,35%,Awake,0,
2023-04-05T19:49:41,1436,21%,19%,14%,14%,33%,Awake,0,
2023-04-05T19:49:45,1439,24%,24%,12%,11%,29%,Awake,0,
2023-04-05T19:49:49,1443,18%,25%,17%,10%,30%,Awake,0,
2023-04-05T19:49:53,1447,20%,19%,19%,12%,30%,Awake,0,
2023-04-05T19:49:57,1451,17%,21%,18%,15%,30%,Awake,0,
2023-04-05T19:50:01,1455,17%,17%,19%,16%,30%,Awake,0,
2023-04-05T19:50:05,1459,22%,24%,18%,8%,27%,Awake,0,
2023-04-05T19:50:09,1463,19%,15%,20%,14%,32%,Awake,0,
2023-04-05T19:50:13,1467,19%,17%,19%,15%,30%,Awake,0,
2023-04-05T19:50:17,1471,15%,21%,18%,13%,33%,Awake,0,
2023-04-05T19:50:21,1475,15%,22%,18%,8%,37%,Awake,0,
2023-04-05T19:50:25,1479,16%,20%,23%,14%,27%,Awake,0,
2023-04-05T19:50:29,1483,20%,22%,15%,14%,29%,Awake,0,
2023-04-05T19:50:33,1487,16%,20%,20%,13%,31%,Awake,0,
2023-04-05T19:50:37,1491,14%,24%,17%,16%,30%,Awake,0,
2023-04-05T19:50:41,1495,22%,20%,16%,13%,29%,Awake,0,
2023-04-05T19:50:45,1499,22%,17%,18%,15%,27%,Awake,0,
2023-04-05T19:50:49,1503,15%,26%,17%,15%,28%,Awake,0,
2023-04-05T19:50:53,1507,17%,23%,14%,12%,34%,Awake,0,
2023-04-05T19:50:57,1511,21%,20%,14%,12%,33%,Awake,0,
2023-04-05T19:51:01,1515,18%,19%,18%,12%,33%,Awake,0,
2023-04-05T19:51:05,1519,17%,20%,21%,9%,32%,Awake,0,
2023-04-05T19:51:09,1523,16%,19%,17%,15%,33%,Awake,0,
2023-04-05T19:51:13,1527,15%,20%,16%,12%,37%,Awake,0,
2023-04-05T19:51:17,1531,17%,19%,20%,12%,31%,Awake,0,
2023-04-05T19:51:21,1535,15%,20%,18%,14%,33%,Awake,0,
2023-04-05T19:51:25,1539,14%,18%,15%,14%,39%,Awake,0,
2023-04-05T19:51:29,1543,17%,19%,21%,13%,30%,Awake,0,
2023-04-05T19:51:33,1547,16%,15%,18%,16%,35%,Awake,0,
2023-04-05T19:51:37,1551,17%,16%,20%,14%,33%,Awake,0,
2023-04-05T19:51:41,1555,17%,23%,20%,13%,27%,Awake,0,
2023-04-05T19:51:45,1559,25%,23%,17%,11%,25%,Awake,0,
2023-04-05T19:51:49,1563,20%,21%,12%,14%,32%,Awake,0,
2023-04-05T19:51:53,1568,17%,18%,21%,12%,32%,Awake,0,
2023-04-05T19:51:57,1571,16%,15%,23%,17%,29%,Awake,0,
2023-04-05T19:52:01,1575,16%,17%,21%,12%,34%,Awake,0,
2023-04-05T19:52:05,1579,23%,22%,13%,14%,28%,Awake,0,
2023-04-05T19:52:09,1584,17%,17%,17%,13%,35%,Awake,0,
2023-04-05T19:52:13,1587,20%,15%,20%,10%,34%,Awake,0,
2023-04-05T19:52:17,1591,17%,19%,18%,12%,33%,Awake,0,
2023-04-05T19:52:21,1595,15%,17%,21%,14%,33%,Awake,0,
2023-04-05T19:52:25,1599,21%,22%,18%,10%,30%,Awake,0,
2023-04-05T19:52:29,1603,15%,18%,20%,14%,33%,Awake,0,
2023-04-05T19:52:33,1607,16%,22%,15%,16%,31%,Awake,0,
2023-04-05T19:52:37,1611,17%,21%,16%,14%,32%,Awake,0,
2023-04-05T19:52:41,1615,18%,22%,15%,13%,31%,Awake,0,
2023-04-05T19:52:45,1619,10%,21%,22%,18%,29%,Awake,0,
2023-04-05T19:52:49,1623,20%,19%,16%,12%,33%,Awake,0,
2023-04-05T19:52:53,1627,18%,18%,22%,11%,31%,Awake,0,
2023-04-05T19:52:57,1631,18%,17%,22%,14%,29%,Awake,0,
2023-04-05T19:53:01,1635,17%,17%,20%,12%,33%,Awake,0,
2023-04-05T19:53:05,1639,13%,14%,19%,17%,37%,Awake,0,
2023-04-05T19:53:09,1643,21%,18%,15%,13%,34%,Awake,0,
2023-04-05T19:53:13,1647,15%,20%,17%,11%,36%,Awake,0,
2023-04-05T19:53:17,1651,19%,23%,17%,13%,28%,Awake,0,
2023-04-05T19:53:21,1655,22%,17%,13%,13%,35%,Awake,0,
2023-04-05T19:53:25,1659,16%,22%,13%,19%,30%,Awake,0,
2023-04-05T19:53:29,1663,21%,16%,20%,12%,30%,Awake,0,
2023-04-05T19:53:33,1667,17%,17%,14%,14%,39%,Awake,0,
2023-04-05T19:53:37,1671,13%,24%,19%,12%,32%,Awake,0,
2023-04-05T19:53:41,1675,18%,21%,18%,11%,31%,Awake,0,
2023-04-05T19:53:45,1679,23%,21%,17%,12%,27%,Awake,0,
2023-04-05T19:53:49,1683,15%,16%,14%,11%,44%,Awake,0,
2023-04-05T19:53:53,1687,15%,27%,19%,9%,29%,Awake,0,
2023-04-05T19:53:57,1691,15%,19%,18%,12%,37%,Awake,0,
2023-04-05T19:54:01,1695,11%,17%,23%,12%,37%,Awake,0,
2023-04-05T19:54:05,1699,16%,20%,17%,16%,31%,Awake,0,
2023-04-05T19:54:09,1703,19%,17%,16%,11%,37%,Awake,0,
2023-04-05T19:54:13,1707,18%,23%,20%,12%,28%,Awake,0,
2023-04-05T19:54:17,1711,18%,24%,15%,12%,32%,Awake,0,
2023-04-05T19:54:21,1715,18%,20%,20%,15%,28%,Awake,0,
2023-04-05T19:54:25,1719,18%,22%,15%,12%,33%,Awake,0,
2023-04-05T19:54:29,1723,23%,17%,16%,15%,29%,Awake,0,
2023-04-05T19:54:33,1727,19%,21%,10%,15%,35%,Awake,0,
2023-04-05T19:54:37,1731,17%,23%,20%,11%,29%,Awake,0,
2023-04-05T19:54:41,1735,19%,27%,14%,14%,26%,Awake,0,
2023-04-05T19:54:45,1739,17%,19%,21%,18%,26%,Awake,0,
2023-04-05T19:54:49,1743,18%,18%,17%,13%,35%,Awake,0,
2023-04-05T19:54:53,1747,11%,20%,24%,12%,33%,Awake,0,
2023-04-05T19:54:57,1751,15%,23%,17%,17%,27%,Awake,0,
2023-04-05T19:55:01,1755,15%,18%,18%,19%,30%,Awake,0,
2023-04-05T19:55:05,1759,15%,19%,19%,21%,25%,Awake,0,
2023-04-05T19:55:09,1763,20%,16%,21%,12%,30%,Awake,0,
2023-04-05T19:55:13,1768,21%,17%,16%,14%,32%,Awake,0,
2023-04-05T19:55:17,1771,14%,19%,16%,12%,38%,Awake,0,
2023-04-05T19:55:21,1775,18%,26%,19%,12%,25%,Awake,0,
2023-04-05T19:55:25,1779,16%,27%,19%,10%,28%,Awake,0,
2023-04-05T19:55:29,1783,16%,21%,18%,16%,29%,Awake,0,
2023-04-05T19:55:33,1787,19%,19%,18%,11%,34%,Awake,0,
2023-04-05T19:55:37,1791,14%,17%,19%,18%,32%,Awake,0,
2023-04-05T19:55:41,1795,13%,20%,18%,15%,34%,Awake,0,
2023-04-05T19:55:45,1799,18%,23%,17%,14%,29%,Awake,0,
2023-04-05T19:55:49,1803,18%,24%,13%,10%,35%,Awake,0,
2023-04-05T19:55:53,1807,22%,14%,23%,11%,30%,Awake,0,
2023-04-05T19:55:57,1811,13%,26%,18%,12%,32%,Awake,0,
2023-04-05T19:56:01,1815,12%,26%,19%,12%,31%,Awake,0,
2023-04-05T19:56:05,1819,16%,19%,18%,10%,37%,Awake,0,
2023-04-05T19:56:09,1823,16%,18%,20%,15%,31%,Awake,0,
2023-04-05T19:56:13,1827,21%,19%,19%,12%,29%,Awake,0,
2023-04-05T19:56:17,1831,18%,22%,17%,12%,31%,Awake,0,
2023-04-05T19:56:21,1835,20%,15%,17%,15%,32%,Awake,0,
2023-04-05T19:56:25,1839,16%,21%,19%,18%,26%,Awake,0,
2023-04-05T19:56:29,1843,14%,19%,22%,14%,30%,Awake,0,
2023-04-05T19:56:33,1847,17%,17%,22%,10%,33%,Awake,0,
2023-04-05T19:56:37,1851,20%,19%,20%,12%,29%,Awake,0,
2023-04-05T19:56:41,1855,17%,20%,19%,12%,33%,Awake,0,
2023-04-05T19:56:45,1859,16%,23%,15%,15%,31%,Awake,0,
2023-04-05T19:56:49,1863,24%,17%,15%,15%,30%,Awake,0,
2023-04-05T19:56:53,1867,22%,17%,16%,12%,33%,Awake,0,
2023-04-05T19:56:57,1871,23%,15%,15%,16%,31%,Awake,0,
2023-04-05T19:57:01,1875,23%,23%,13%,12%,28%,Awake,0,
2023-04-05T19:57:05,1879,19%,17%,20%,11%,34%,Awake,0,
2023-04-05T19:57:09,1883,18%,20%,23%,10%,29%,Awake,0,
2023-04-05T19:57:13,1887,22%,19%,19%,15%,25%,Awake,0,
2023-04-05T19:57:17,1891,19%,25%,16%,11%,28%,Awake,0,
2023-04-05T19:57:21,1895,16%,25%,19%,17%,24%,Awake,0,
2023-04-05T19:57:25,1899,18%,17%,20%,13%,32%,Awake,0,
2023-04-05T19:57:29,1903,17%,17%,25%,16%,25%,Awake,0,
2023-04-05T19:57:33,1907,17%,21%,15%,13%,34%,Awake,0,
2023-04-05T19:57:37,1911,20%,19%,17%,12%,32%,Awake,0,
2023-04-05T19:57:41,1915,23%,17%,17%,13%,30%,Awake,0,
2023-04-05T19:57:45,1919,15%,20%,19%,14%,32%,Awake,0,
2023-04-05T19:57:49,1923,22%,27%,15%,10%,26%,Awake,0,
2023-04-05T19:57:53,1927,37%,29%,11%,7%,16%,Awake,0,
2023-04-05T19:57:57,1931,31%,23%,16%,11%,18%,Awake,0,
2023-04-05T19:58:01,1935,29%,19%,17%,7%,29%,Awake,0,
2023-04-05T19:58:05,1939,45%,18%,10%,10%,17%,Awake,0,
2023-04-05T19:58:09,1943,20%,16%,16%,12%,36%,Awake,0,
2023-04-05T19:58:13,1947,21%,16%,21%,9%,34%,Awake,0,
2023-04-05T19:58:17,1951,32%,19%,13%,10%,26%,Awake,0,
2023-04-05T19:58:21,1955,12%,22%,26%,10%,30%,Awake,0,
2023-04-05T19:58:25,1959,18%,22%,16%,9%,35%,Awake,0,
2023-04-05T19:58:29,1963,19%,16%,16%,11%,38%,Awake,0,
2023-04-05T19:58:33,1967,52%,24%,7%,5%,11%,Awake,0,
2023-04-05T19:58:37,1971,19%,21%,16%,10%,34%,Awake,0,
2023-04-05T19:58:41,1975,25%,21%,17%,9%,28%,Awake,0,
2023-04-05T19:58:45,1979,19%,21%,17%,11%,32%,Awake,0,
2023-04-05T19:58:49,1983,30%,22%,12%,8%,28%,Awake,0,
2023-04-05T19:58:53,1987,28%,19%,16%,10%,27%,Awake,0,
2023-04-05T19:58:57,1991,18%,23%,16%,14%,29%,Awake,0,
2023-04-05T19:59:01,1995,15%,20%,19%,12%,34%,Awake,0,
2023-04-05T19:59:05,1999,20%,18%,17%,13%,31%,Awake,0,
2023-04-05T19:59:09,2003,29%,15%,13%,11%,31%,Awake,0,
2023-04-05T19:59:13,2007,21%,12%,21%,12%,34%,Awake,0,
2023-04-05T19:59:17,2011,18%,19%,20%,13%,31%,Awake,0,
2023-04-05T19:59:21,2015,19%,21%,22%,12%,27%,Awake,0,
2023-04-05T19:59:25,2019,24%,21%,13%,12%,31%,Awake,0,
2023-04-05T19:59:29,2023,23%,19%,16%,12%,29%,Awake,0,
2023-04-05T19:59:33,2027,20%,19%,15%,13%,33%,Awake,0,
2023-04-05T19:59:37,2031,25%,16%,14%,12%,32%,Awake,0,
2023-04-05T19:59:41,2035,23%,15%,15%,14%,33%,Awake,0,
2023-04-05T19:59:45,2039,19%,19%,19%,11%,32%,Awake,0,
2023-04-05T19:59:49,2043,23%,18%,15%,16%,28%,Awake,0,
2023-04-05T19:59:53,2047,19%,16%,22%,13%,30%,Awake,0,
2023-04-05T19:59:57,2051,21%,17%,19%,14%,30%,Awake,0,
2023-04-05T20:00:01,2055,16%,16%,20%,15%,32%,Awake,0,
2023-04-05T20:00:05,2059,28%,22%,17%,11%,23%,Awake,0,
2023-04-05T20:00:09,2063,15%,15%,21%,18%,32%,Awake,0,
2023-04-05T20:00:13,2067,16%,26%,19%,13%,27%,Awake,0,
2023-04-05T20:00:17,2071,17%,19%,19%,11%,34%,Awake,0,
2023-04-05T20:00:21,2075,23%,17%,23%,10%,28%,Awake,0,
2023-04-05T20:00:25,2079,20%,17%,24%,12%,28%,Awake,0,
2023-04-05T20:00:29,2083,19%,18%,19%,13%,31%,Awake,0,
2023-04-05T20:00:33,2087,22%,16%,20%,14%,28%,Awake,0,
2023-04-05T20:00:37,2091,16%,19%,16%,16%,32%,Awake,0,
2023-04-05T20:00:41,2095,24%,16%,21%,13%,27%,Awake,0,
2023-04-05T20:00:45,2099,19%,20%,19%,14%,27%,Awake,0,
2023-04-05T20:00:49,2103,24%,18%,17%,11%,31%,Awake,0,
2023-04-05T20:00:53,2107,16%,19%,15%,16%,35%,Awake,0,
2023-04-05T20:00:57,2111,17%,19%,20%,11%,33%,Awake,0,
2023-04-05T20:01:01,2115,24%,21%,17%,9%,29%,Awake,0,
2023-04-05T20:01:05,2119,27%,19%,14%,10%,29%,Awake,0,
2023-04-05T20:01:09,2123,21%,16%,18%,12%,32%,Awake,0,
2023-04-05T20:01:13,2127,20%,18%,22%,10%,31%,Awake,0,
2023-04-05T20:01:17,2131,23%,17%,19%,10%,31%,Awake,0,
2023-04-05T20:01:21,2135,22%,16%,23%,11%,27%,Awake,0,
2023-04-05T20:01:25,2139,19%,20%,13%,15%,33%,Awake,0,
2023-04-05T20:01:29,2143,31%,18%,15%,11%,25%,Awake,0,
2023-04-05T20:01:33,2147,23%,19%,20%,10%,28%,Awake,0,
2023-04-05T20:01:37,2151,15%,19%,20%,15%,31%,Awake,0,
2023-04-05T20:01:41,2155,18%,17%,21%,14%,30%,Awake,0,
2023-04-05T20:01:45,2159,21%,15%,20%,14%,29%,Awake,0,
2023-04-05T20:01:49,2163,19%,14%,17%,17%,34%,Awake,0,
2023-04-05T20:01:53,2167,20%,17%,16%,15%,32%,Awake,0,
2023-04-05T20:01:57,2171,15%,22%,16%,17%,29%,Awake,0,
2023-04-05T20:02:01,2175,20%,22%,16%,11%,30%,Awake,0,
2023-04-05T20:02:05,2179,21%,25%,18%,9%,28%,Awake,0,
2023-04-05T20:02:09,2183,18%,18%,15%,15%,34%,Awake,0,
2023-04-05T20:02:13,2187,36%,17%,13%,10%,24%,Awake,0,
2023-04-05T20:02:17,2191,22%,18%,13%,11%,37%,Awake,0,
2023-04-05T20:02:21,2195,20%,14%,24%,12%,30%,Awake,0,
2023-04-05T20:02:25,2199,21%,18%,21%,11%,28%,Awake,0,
2023-04-05T20:02:29,2203,17%,13%,19%,19%,32%,Awake,0,
2023-04-05T20:02:33,2207,18%,22%,18%,12%,30%,Awake,0,
2023-04-05T20:02:37,2211,14%,16%,17%,15%,38%,Awake,0,
2023-04-05T20:02:41,2215,18%,17%,20%,11%,34%,Awake,0,
2023-04-05T20:02:45,2219,21%,17%,18%,12%,32%,Awake,0,
2023-04-05T20:02:49,2223,25%,16%,15%,10%,33%,Awake,0,
2023-04-05T20:02:53,2227,23%,23%,13%,12%,28%,Awake,0,
2023-04-05T20:02:57,2231,17%,16%,19%,12%,35%,Awake,0,
2023-04-05T20:03:01,2235,18%,25%,18%,11%,28%,Awake,0,
2023-04-05T20:03:05,2239,21%,18%,19%,15%,27%,Awake,0,
2023-04-05T20:03:09,2243,21%,20%,18%,13%,28%,Awake,0,
2023-04-05T20:03:13,2247,25%,16%,15%,12%,31%,Awake,0,
2023-04-05T20:03:17,2251,17%,21%,23%,11%,29%,Awake,0,
2023-04-05T20:03:21,2255,20%,23%,15%,11%,31%,Awake,0,
2023-04-05T20:03:25,2259,22%,16%,18%,12%,32%,Awake,0,
2023-04-05T20:03:29,2263,23%,19%,20%,11%,28%,Awake,0,
2023-04-05T20:03:33,2267,16%,23%,18%,14%,29%,Awake,0,
2023-04-05T20:03:37,2271,18%,22%,17%,10%,33%,Awake,0,
2023-04-05T20:03:41,2275,20%,14%,18%,10%,37%,Awake,0,
2023-04-05T20:03:45,2279,22%,15%,19%,12%,32%,Awake,0,
2023-04-05T20:03:49,2283,16%,18%,20%,13%,33%,Awake,0,
2023-04-05T20:03:53,2287,20%,19%,17%,12%,32%,Awake,0,
2023-04-05T20:03:57,2291,19%,20%,15%,12%,34%,Awake,0,
2023-04-05T20:04:01,2295,16%,22%,19%,16%,27%,Awake,0,
2023-04-05T20:04:05,2299,18%,27%,14%,11%,30%,Awake,0,
2023-04-05T20:04:09,2303,17%,21%,17%,11%,34%,Awake,0,
2023-04-05T20:04:13,2307,17%,19%,19%,14%,31%,Awake,0,
2023-04-05T20:04:17,2311,18%,22%,14%,16%,29%,Awake,0,
2023-04-05T20:04:21,2315,25%,14%,16%,8%,37%,Awake,0,
2023-04-05T20:04:25,2319,23%,22%,18%,9%,28%,Awake,0,
2023-04-05T20:04:29,2323,16%,22%,19%,14%,29%,Awake,0,
2023-04-05T20:04:33,2327,26%,17%,15%,12%,30%,Awake,0,
2023-04-05T20:04:37,2331,23%,18%,21%,10%,28%,Awake,0,
2023-04-05T20:04:41,2335,18%,20%,14%,11%,36%,Awake,0,
2023-04-05T20:04:45,2339,15%,18%,17%,14%,36%,Awake,0,
2023-04-05T20:04:49,2343,20%,22%,17%,12%,30%,Awake,0,
2023-04-05T20:04:53,2347,23%,19%,20%,11%,27%,Awake,0,
2023-04-05T20:04:57,2351,21%,17%,18%,12%,31%,Awake,0,
2023-04-05T20:05:01,2355,22%,13%,20%,12%,33%,Awake,0,
2023-04-05T20:05:05,2359,19%,20%,17%,12%,32%,Awake,0,
2023-04-05T20:05:09,2363,29%,22%,11%,13%,25%,Awake,0,
2023-04-05T20:05:13,2367,18%,18%,23%,13%,29%,Awake,0,
2023-04-05T20:05:17,2371,17%,20%,17%,14%,32%,Awake,0,
2023-04-05T20:05:21,2375,27%,20%,18%,9%,26%,Awake,0,
2023-04-05T20:05:25,2379,22%,17%,21%,13%,28%,Awake,0,
2023-04-05T20:05:29,2383,23%,20%,17%,12%,28%,Awake,0,
2023-04-05T20:05:33,2387,20%,21%,16%,11%,32%,Awake,0,
2023-04-05T20:05:37,2391,25%,21%,15%,10%,29%,Awake,0,
2023-04-05T20:05:41,2395,20%,21%,20%,9%,30%,Awake,0,
2023-04-05T20:05:45,2399,18%,20%,18%,12%,31%,Awake,0,
2023-04-05T20:05:49,2403,15%,22%,14%,14%,35%,Awake,0,
2023-04-05T20:05:53,2407,28%,17%,15%,10%,30%,Awake,0,
2023-04-05T20:05:57,2411,23%,16%,20%,11%,30%,Awake,0,
2023-04-05T20:06:01,2415,19%,21%,17%,14%,30%,Awake,0,
2023-04-05T20:06:05,2419,18%,28%,14%,12%,28%,Awake,0,
2023-04-05T20:06:09,2423,18%,20%,14%,17%,31%,Awake,0,
2023-04-05T20:06:13,2427,22%,19%,15%,13%,31%,Awake,0,
2023-04-05T20:06:17,2431,20%,20%,16%,14%,31%,Awake,0,
2023-04-05T20:06:21,2435,24%,17%,15%,13%,31%,Awake,0,
2023-04-05T20:06:25,2439,15%,21%,19%,14%,32%,Awake,0,
2023-04-05T20:06:29,2443,18%,17%,17%,14%,35%,Awake,0,
2023-04-05T20:06:33,2447,20%,21%,19%,10%,29%,Awake,0,
2023-04-05T20:06:37,2451,13%,25%,23%,10%,28%,Awake,0,
2023-04-05T20:06:41,2455,20%,19%,16%,14%,31%,Awake,0,
2023-04-05T20:06:45,2459,16%,21%,20%,13%,30%,Awake,0,
2023-04-05T20:06:49,2463,15%,23%,16%,14%,32%,Awake,0,
2023-04-05T20:06:53,2467,21%,17%,19%,12%,31%,Awake,0,
2023-04-05T20:06:57,2471,28%,16%,14%,13%,28%,Awake,0,
2023-04-05T20:07:01,2475,17%,20%,19%,12%,31%,Awake,0,
2023-04-05T20:07:05,2479,22%,20%,13%,12%,34%,Awake,0,
2023-04-05T20:07:09,2483,25%,17%,17%,11%,31%,Awake,0,
2023-04-05T20:07:13,2487,24%,19%,19%,10%,28%,Awake,0,
2023-04-05T20:07:17,2491,26%,15%,15%,12%,34%,Awake,0,
2023-04-05T20:07:21,2495,26%,18%,15%,14%,26%,Awake,0,
2023-04-05T20:07:25,2499,18%,18%,16%,14%,34%,Awake,0,
2023-04-05T20:07:29,2503,28%,20%,15%,10%,28%,Awake,0,
2023-04-05T20:07:33,2507,23%,22%,14%,13%,29%,Awake,0,
2023-04-05T20:07:37,2511,16%,16%,20%,17%,31%,Awake,0,
2023-04-05T20:07:41,2515,21%,17%,18%,13%,31%,Awake,0,
2023-04-05T20:07:45,2519,15%,17%,18%,19%,32%,Awake,0,
2023-04-05T20:07:49,2523,16%,24%,18%,10%,33%,Awake,0,
2023-04-05T20:07:53,2527,20%,21%,22%,7%,30%,Awake,0,
2023-04-05T20:07:57,2531,23%,17%,15%,14%,31%,Awake,0,
2023-04-05T20:08:01,2535,19%,18%,19%,14%,29%,Awake,0,
2023-04-05T20:08:05,2539,20%,22%,16%,12%,30%,Awake,0,
2023-04-05T20:08:09,2543,20%,18%,18%,13%,31%,Awake,0,
2023-04-05T20:08:13,2547,18%,16%,23%,11%,30%,Awake,0,
2023-04-05T20:08:17,2551,24%,18%,16%,9%,33%,Awake,0,
2023-04-05T20:08:21,2555,27%,17%,15%,10%,31%,Awake,0,
2023-04-05T20:08:25,2559,18%,20%,23%,14%,25%,Awake,0,
2023-04-05T20:08:29,2563,26%,19%,16%,13%,25%,Awake,0,
2023-04-05T20:08:33,2567,25%,17%,16%,12%,31%,Awake,0,
2023-04-05T20:08:37,2571,23%,21%,17%,10%,29%,Awake,0,
2023-04-05T20:08:41,2575,18%,23%,17%,10%,32%,Awake,0,
2023-04-05T20:08:45,2579,16%,23%,16%,16%,30%,Awake,0,
2023-04-05T20:08:49,2583,25%,17%,19%,12%,28%,Awake,0,
2023-04-05T20:08:53,2587,25%,15%,20%,10%,29%,Awake,0,
2023-04-05T20:08:57,2591,29%,19%,11%,16%,26%,Awake,0,
2023-04-05T20:09:01,2595,28%,19%,17%,11%,26%,Awake,0,
2023-04-05T20:09:05,2599,19%,28%,17%,10%,27%,Awake,0,
2023-04-05T20:09:09,2603,20%,18%,17%,15%,31%,Awake,0,
2023-04-05T20:09:13,2607,21%,19%,18%,10%,32%,Awake,0,
2023-04-05T20:09:17,2611,23%,19%,20%,9%,29%,Awake,0,
2023-04-05T20:09:21,2615,17%,24%,14%,14%,31%,Awake,0,
2023-04-05T20:09:25,2619,18%,19%,14%,12%,37%,Awake,0,
2023-04-05T20:09:29,2623,23%,23%,19%,10%,25%,Awake,0,
2023-04-05T20:09:33,2627,22%,20%,15%,11%,31%,Awake,0,
2023-04-05T20:09:37,2631,30%,16%,14%,10%,30%,Awake,0,
2023-04-05T20:09:41,2635,24%,16%,18%,10%,32%,Awake,0,
2023-04-05T20:09:45,2639,19%,20%,18%,11%,32%,Awake,0,
2023-04-05T20:09:49,2643,22%,17%,20%,8%,33%,Awake,0,
2023-04-05T20:09:53,2647,16%,22%,13%,12%,37%,Awake,0,
2023-04-05T20:09:57,2651,20%,18%,21%,15%,26%,Awake,0,
2023-04-05T20:10:01,2655,21%,17%,15%,14%,33%,Awake,0,
2023-04-05T20:10:05,2659,15%,22%,21%,11%,31%,Awake,0,
2023-04-05T20:10:09,2663,60%,12%,8%,5%,16%,Awake,0,
2023-04-05T20:10:13,2667,22%,17%,20%,11%,30%,Awake,0,
2023-04-05T20:10:17,2671,21%,22%,13%,10%,34%,Awake,0,
2023-04-05T20:10:21,2675,25%,19%,10%,14%,32%,Awake,0,
2023-04-05T20:10:25,2679,22%,18%,16%,12%,33%,Awake,0,
2023-04-05T20:10:29,2683,22%,15%,16%,13%,34%,Awake,0,
2023-04-05T20:10:33,2687,15%,22%,17%,16%,30%,Awake,0,
2023-04-05T20:10:37,2691,20%,16%,20%,11%,34%,Awake,0,
2023-04-05T20:10:41,2695,21%,14%,24%,13%,27%,Awake,0,
2023-04-05T20:10:45,2699,24%,16%,16%,14%,30%,Awake,0,
2023-04-05T20:10:49,2703,21%,20%,16%,14%,29%,Awake,0,
2023-04-05T20:10:53,2707,24%,19%,14%,9%,34%,Awake,0,
2023-04-05T20:10:57,2711,23%,20%,21%,10%,26%,Awake,0,
2023-04-05T20:11:01,2715,31%,21%,16%,8%,23%,Awake,0,
2023-04-05T20:11:05,2719,24%,17%,20%,12%,27%,Awake,0,
2023-04-05T20:11:09,2723,18%,22%,17%,12%,31%,Awake,0,
2023-04-05T20:11:13,2727,19%,19%,24%,12%,26%,Awake,0,
2023-04-05T20:11:17,2731,21%,18%,13%,15%,32%,Awake,0,
2023-04-05T20:11:21,2735,27%,16%,17%,10%,29%,Awake,0,
2023-04-05T20:11:25,2739,24%,15%,17%,14%,29%,Awake,0,
2023-04-05T20:11:29,2743,18%,18%,22%,14%,29%,Awake,0,
2023-04-05T20:11:33,2747,21%,20%,16%,12%,31%,Awake,0,
2023-04-05T20:11:37,2751,21%,24%,20%,9%,27%,Awake,0,
2023-04-05T20:11:41,2755,18%,21%,24%,10%,27%,Awake,0,
2023-04-05T20:11:45,2759,25%,22%,12%,15%,26%,Awake,0,
2023-04-05T20:11:49,2763,25%,19%,16%,11%,28%,Awake,0,
2023-04-05T20:11:53,2767,21%,20%,16%,9%,34%,Awake,0,
2023-04-05T20:11:57,2771,18%,20%,21%,13%,29%,Awake,0,
2023-04-05T20:12:01,2775,23%,20%,14%,12%,30%,Awake,0,
2023-04-05T20:12:05,2779,19%,15%,22%,14%,31%,Awake,0,
2023-04-05T20:12:09,2783,27%,18%,18%,9%,28%,Awake,0,
2023-04-05T20:12:13,2787,19%,18%,17%,15%,31%,Awake,0,
2023-04-05T20:12:17,2791,17%,18%,17%,17%,31%,Awake,0,
2023-04-05T20:12:21,2795,23%,16%,19%,16%,27%,Awake,0,
2023-04-05T20:12:25,2799,23%,18%,16%,12%,31%,Awake,0,
2023-04-05T20:12:29,2803,18%,18%,16%,12%,35%,Awake,0,
2023-04-05T20:12:33,2807,20%,19%,16%,16%,29%,Awake,0,
2023-04-05T20:12:37,2811,22%,17%,14%,12%,34%,Awake,0,
2023-04-05T20:12:41,2815,22%,25%,18%,10%,25%,Awake,0,
2023-04-05T20:12:45,2819,15%,27%,16%,7%,35%,Awake,0,
2023-04-05T20:12:49,2823,23%,19%,17%,10%,30%,Awake,0,
2023-04-05T20:12:53,2827,30%,19%,14%,10%,28%,Awake,0,
2023-04-05T20:12:57,2831,30%,20%,15%,7%,28%,Awake,0,
2023-04-05T20:13:01,2835,23%,20%,14%,14%,28%,Awake,0,
2023-04-05T20:13:05,2839,24%,23%,20%,10%,23%,Awake,0,
2023-04-05T20:13:09,2843,27%,19%,15%,12%,27%,Awake,0,
2023-04-05T20:13:13,2847,22%,19%,17%,12%,31%,Awake,0,
2023-04-05T20:13:17,2851,18%,19%,15%,18%,31%,Awake,0,
2023-04-05T20:13:21,2855,19%,18%,17%,15%,31%,Awake,0,
2023-04-05T20:13:25,2859,20%,22%,15%,10%,33%,Awake,0,
2023-04-05T20:13:29,2863,18%,20%,16%,12%,33%,Awake,0,
2023-04-05T20:13:33,2867,22%,19%,18%,10%,30%,Awake,0,
2023-04-05T20:13:37,2871,22%,23%,15%,11%,29%,Awake,0,
2023-04-05T20:13:41,2875,19%,18%,19%,14%,29%,Awake,0,
2023-04-05T20:13:45,2879,19%,17%,19%,9%,36%,Awake,0,
2023-04-05T20:13:49,2883,18%,23%,16%,13%,31%,Awake,0,
2023-04-05T20:13:53,2887,21%,22%,17%,11%,29%,Awake,0,
2023-04-05T20:13:57,2891,21%,17%,18%,14%,30%,Awake,0,
2023-04-05T20:14:01,2895,19%,17%,19%,12%,33%,Awake,0,
2023-04-05T20:14:05,2899,21%,18%,15%,15%,30%,Awake,0,
2023-04-05T20:14:09,2903,23%,15%,13%,13%,36%,Awake,0,
2023-04-05T20:14:13,2907,16%,20%,16%,15%,34%,Awake,0,
2023-04-05T20:14:17,2911,18%,25%,15%,16%,28%,Awake,0,
2023-04-05T20:14:21,2915,25%,23%,15%,10%,27%,Awake,0,
2023-04-05T20:14:25,2919,21%,21%,14%,14%,30%,Awake,0,
2023-04-05T20:14:29,2923,22%,23%,13%,12%,30%,Awake,0,
2023-04-05T20:14:33,2927,27%,23%,16%,8%,26%,Awake,0,
2023-04-05T20:14:37,2931,14%,19%,18%,13%,36%,Awake,0,
2023-04-05T20:14:41,2935,35%,20%,13%,9%,22%,Awake,0,
2023-04-05T20:14:45,2939,23%,23%,14%,14%,26%,Awake,0,
2023-04-05T20:14:49,2943,23%,21%,19%,12%,25%,Awake,0,
2023-04-05T20:14:53,2947,25%,19%,16%,8%,32%,Awake,0,
2023-04-05T20:14:57,2951,20%,19%,19%,10%,31%,Awake,0,
2023-04-05T20:15:01,2955,19%,21%,17%,10%,34%,Awake,0,
2023-04-05T20:15:05,2959,22%,17%,19%,13%,29%,Awake,0,
2023-04-05T20:15:09,2963,19%,21%,13%,13%,35%,Awake,0,
2023-04-05T20:15:13,2967,18%,22%,16%,11%,34%,Awake,0,
2023-04-05T20:15:17,2971,27%,22%,16%,10%,25%,Awake,0,
2023-04-05T20:15:21,2975,15%,21%,22%,12%,30%,Awake,0,
2023-04-05T20:15:25,2979,26%,20%,15%,12%,26%,Awake,0,
2023-04-05T20:15:29,2983,24%,17%,17%,11%,32%,Awake,0,
2023-04-05T20:15:33,2987,16%,20%,19%,12%,33%,Awake,0,
2023-04-05T20:15:37,2991,14%,18%,18%,16%,34%,Awake,0,
2023-04-05T20:15:41,2995,18%,20%,16%,13%,33%,Awake,0,
2023-04-05T20:15:45,2999,18%,19%,21%,12%,30%,Awake,0,
2023-04-05T20:15:49,3003,14%,16%,17%,14%,40%,Awake,0,
2023-04-05T20:15:53,3007,26%,20%,13%,12%,28%,Awake,0,
2023-04-05T20:15:57,3011,26%,13%,22%,10%,29%,Awake,0,
2023-04-05T20:16:01,3015,22%,16%,13%,14%,36%,Awake,0,
2023-04-05T20:16:05,3019,26%,15%,17%,13%,29%,Awake,0,
2023-04-05T20:16:09,3023,24%,24%,15%,10%,27%,Awake,0,
2023-04-05T20:16:13,3027,17%,22%,16%,14%,31%,Awake,0,
2023-04-05T20:16:17,3031,20%,18%,15%,11%,36%,Awake,0,
2023-04-05T20:16:21,3035,23%,21%,15%,12%,29%,Awake,0,
2023-04-05T20:16:25,3039,22%,21%,13%,12%,32%,Awake,0,
2023-04-05T20:16:29,3043,25%,22%,16%,12%,25%,Awake,0,
2023-04-05T20:16:33,3047,20%,22%,16%,11%,31%,Awake,0,
2023-04-05T20:16:37,3051,20%,19%,18%,15%,28%,Awake,0,
2023-04-05T20:16:41,3055,19%,21%,18%,12%,30%,Awake,0,
2023-04-05T20:16:45,3059,21%,19%,18%,10%,32%,Awake,0,
2023-04-05T20:16:49,3063,23%,16%,15%,13%,33%,Awake,0,
2023-04-05T20:16:53,3067,23%,19%,18%,11%,29%,Awake,0,
2023-04-05T20:16:57,3071,25%,22%,16%,9%,28%,Awake,0,
2023-04-05T20:17:01,3075,21%,24%,18%,7%,30%,Awake,0,
2023-04-05T20:17:05,3079,23%,18%,13%,15%,31%,Awake,0,
2023-04-05T20:17:09,3083,18%,17%,20%,16%,29%,Awake,0,
2023-04-05T20:17:13,3087,23%,17%,14%,14%,32%,Awake,0,
2023-04-05T20:17:17,3091,17%,21%,14%,14%,35%,Awake,0,
2023-04-05T20:17:21,3095,22%,17%,20%,12%,30%,Awake,0,
2023-04-05T20:17:25,3099,28%,14%,19%,10%,29%,Awake,0,
2023-04-05T20:17:29,3103,19%,16%,20%,13%,32%,Awake,0,
2023-04-05T20:17:33,3107,18%,22%,16%,13%,30%,Awake,0,
2023-04-05T20:17:37,3111,21%,19%,18%,14%,29%,Awake,0,
2023-04-05T20:17:41,3115,18%,20%,19%,15%,28%,Awake,0,
2023-04-05T20:17:45,3119,21%,21%,20%,12%,26%,Awake,0,
2023-04-05T20:17:49,3123,30%,14%,13%,10%,33%,Awake,0,
2023-04-05T20:17:53,3127,21%,19%,13%,15%,33%,Awake,0,
2023-04-05T20:17:57,3131,24%,21%,14%,10%,30%,Awake,0,
2023-04-05T20:18:01,3135,20%,20%,20%,10%,30%,Awake,0,
2023-04-05T20:18:05,3139,16%,23%,16%,10%,35%,Awake,0,
2023-04-05T20:18:09,3143,30%,24%,12%,10%,24%,Awake,0,
2023-04-05T20:18:13,3147,21%,18%,18%,11%,33%,Awake,0,
2023-04-05T20:18:17,3151,21%,21%,19%,14%,26%,Awake,0,
2023-04-05T20:18:21,3155,21%,21%,20%,11%,27%,Awake,0,
2023-04-05T20:18:25,3159,25%,17%,20%,12%,27%,Awake,0,
2023-04-05T20:18:29,3163,16%,24%,18%,10%,32%,Awake,0,
2023-04-05T20:18:33,3167,25%,16%,14%,11%,33%,Awake,0,
2023-04-05T20:18:37,3171,17%,17%,19%,13%,34%,Awake,0,
2023-04-05T20:18:41,3175,19%,25%,16%,12%,28%,Awake,0,
2023-04-05T20:18:45,3179,23%,16%,13%,15%,34%,Awake,0,
2023-04-05T20:18:49,3183,28%,16%,16%,16%,25%,Awake,0,
2023-04-05T20:18:53,3187,20%,19%,18%,12%,31%,Awake,0,
2023-04-05T20:18:57,3191,24%,21%,14%,10%,30%,Awake,0,
2023-04-05T20:19:01,3195,21%,16%,18%,10%,35%,Awake,0,
2023-04-05T20:19:05,3199,22%,18%,19%,11%,29%,Awake,0,
2023-04-05T20:19:09,3203,29%,26%,12%,9%,24%,Awake,0,
2023-04-05T20:19:13,3207,26%,17%,14%,13%,29%,Awake,0,
2023-04-05T20:19:17,3211,16%,20%,16%,11%,37%,Awake,0,
2023-04-05T20:19:21,3215,24%,21%,17%,9%,30%,Awake,0,
2023-04-05T20:19:25,3219,20%,20%,19%,8%,33%,Awake,0,
2023-04-05T20:19:29,3223,19%,27%,18%,8%,28%,Awake,0,
2023-04-05T20:19:33,3227,21%,20%,20%,13%,26%,Awake,0,
2023-04-05T20:19:37,3231,51%,24%,8%,5%,13%,Awake,0,
2023-04-05T20:19:41,3235,24%,16%,17%,11%,32%,Awake,0,
2023-04-05T20:19:45,3239,17%,27%,16%,14%,25%,Awake,0,
2023-04-05T20:19:49,3243,17%,20%,17%,13%,32%,Awake,0,
2023-04-05T20:19:53,3247,22%,18%,14%,15%,30%,Awake,0,
2023-04-05T20:19:57,3251,20%,18%,20%,14%,27%,Awake,0,
2023-04-05T20:20:01,3255,21%,17%,16%,12%,34%,Awake,0,
2023-04-05T20:20:05,3259,17%,23%,11%,14%,34%,Awake,0,
2023-04-05T20:20:09,3263,25%,24%,14%,13%,25%,Awake,0,
2023-04-05T20:20:13,3267,30%,21%,11%,9%,28%,Awake,0,
2023-04-05T20:20:17,3271,19%,19%,16%,9%,38%,Awake,0,
2023-04-05T20:20:21,3275,21%,15%,15%,16%,32%,Awake,0,
2023-04-05T20:20:25,3279,21%,19%,21%,11%,28%,Awake,0,
2023-04-05T20:20:29,3283,15%,23%,14%,15%,33%,Awake,0,
2023-04-05T20:20:33,3287,16%,28%,17%,12%,27%,Awake,0,
2023-04-05T20:20:37,3291,29%,14%,13%,8%,35%,Awake,0,
2023-04-05T20:20:41,3295,20%,16%,21%,12%,31%,Awake,0,
2023-04-05T20:20:45,3299,20%,17%,19%,12%,33%,Awake,0,
2023-04-05T20:20:49,3303,29%,17%,20%,9%,25%,Awake,0,
2023-04-05T20:20:53,3307,19%,20%,24%,12%,25%,Awake,0,
2023-04-05T20:20:57,3311,24%,22%,13%,12%,29%,Awake,0,
2023-04-05T20:21:01,3315,37%,19%,12%,9%,24%,Awake,0,
2023-04-05T20:21:05,3319,16%,25%,22%,10%,27%,Awake,0,
2023-04-05T20:21:09,3323,23%,18%,15%,12%,32%,Awake,0,
2023-04-05T20:21:13,3327,18%,20%,18%,13%,30%,Awake,0,
2023-04-05T20:21:17,3331,18%,24%,17%,11%,30%,Awake,0,
2023-04-05T20:21:21,3335,21%,20%,20%,11%,29%,Awake,0,
2023-04-05T20:21:25,3339,22%,21%,16%,12%,29%,Awake,0,
2023-04-05T20:21:29,3343,24%,20%,13%,11%,32%,Awake,0,
2023-04-05T20:21:33,3347,23%,18%,17%,11%,32%,Awake,0,
2023-04-05T20:21:37,3351,28%,19%,12%,16%,25%,Awake,0,
2023-04-05T20:21:41,3355,18%,28%,15%,11%,27%,Awake,0,
2023-04-05T20:21:45,3359,21%,18%,16%,13%,32%,Awake,0,
2023-04-05T20:21:49,3363,21%,17%,17%,11%,34%,Awake,0,
2023-04-05T20:21:53,3367,17%,20%,17%,14%,32%,Awake,0,
2023-04-05T20:21:57,3371,19%,22%,17%,13%,28%,Awake,0,
2023-04-05T20:22:01,3375,23%,18%,18%,10%,31%,Awake,0,
2023-04-05T20:22:05,3379,25%,23%,13%,11%,27%,Awake,0,
2023-04-05T20:22:09,3383,20%,24%,13%,14%,29%,Awake,0,
2023-04-05T20:22:13,3387,20%,22%,20%,11%,28%,Awake,0,
2023-04-05T20:22:17,3391,20%,20%,18%,15%,27%,Awake,0,
2023-04-05T20:22:21,3395,21%,23%,13%,10%,33%,Awake,0,
2023-04-05T20:22:25,3399,20%,22%,17%,11%,30%,Awake,0,
2023-04-05T20:22:29,3403,22%,17%,16%,14%,31%,Awake,0,
2023-04-05T20:22:33,3407,21%,20%,18%,11%,30%,Awake,0,
2023-04-05T20:22:37,3411,20%,16%,25%,8%,31%,Awake,0,
2023-04-05T20:22:41,3415,19%,18%,21%,11%,31%,Awake,0,
2023-04-05T20:22:45,3419,21%,17%,13%,15%,34%,Awake,0,
2023-04-05T20:22:49,3423,16%,19%,22%,11%,31%,Awake,0,
2023-04-05T20:22:53,3427,25%,21%,13%,13%,28%,Awake,0,
2023-04-05T20:22:57,3431,16%,21%,18%,12%,33%,Awake,0,
2023-04-05T20:23:01,3435,18%,22%,19%,10%,31%,Awake,0,
2023-04-05T20:23:05,3439,21%,21%,23%,13%,23%,Awake,0,
2023-04-05T20:23:09,3443,19%,21%,18%,10%,31%,Awake,0,
2023-04-05T20:23:13,3447,28%,16%,22%,7%,26%,Awake,0,
2023-04-05T20:23:17,3451,17%,18%,17%,12%,36%,Awake,0,
2023-04-05T20:23:21,3455,24%,19%,16%,11%,30%,Awake,0,
2023-04-05T20:23:25,3459,17%,21%,19%,12%,30%,Awake,0,
2023-04-05T20:23:29,3463,23%,17%,17%,13%,30%,Awake,0,
2023-04-05T20:23:33,3467,24%,23%,12%,12%,29%,Awake,0,
2023-04-05T20:23:37,3471,29%,16%,18%,10%,26%,Awake,0,
2023-04-05T20:23:41,3475,16%,21%,16%,12%,35%,Awake,0,
2023-04-05T20:23:45,3479,26%,16%,17%,11%,30%,Awake,0,
2023-04-05T20:23:49,3483,19%,22%,15%,10%,34%,Awake,0,
2023-04-05T20:23:53,3487,22%,19%,16%,13%,30%,Awake,0,
2023-04-05T20:23:57,3491,33%,19%,12%,10%,27%,Awake,0,
2023-04-05T20:24:01,3495,23%,22%,14%,8%,32%,Awake,0,
2023-04-05T20:24:05,3499,18%,19%,18%,11%,34%,Awake,0,
2023-04-05T20:24:09,3503,23%,23%,18%,10%,26%,Awake,0,
2023-04-05T20:24:13,3507,26%,15%,14%,13%,32%,Awake,0,
2023-04-05T20:24:17,3511,20%,18%,21%,13%,28%,Awake,0,
2023-04-05T20:24:21,3515,27%,25%,13%,9%,27%,Awake,0,
2023-04-05T20:24:25,3519,20%,22%,19%,11%,28%,Awake,0,
2023-04-05T20:24:29,3523,20%,19%,20%,11%,30%,Awake,0,
2023-04-05T20:24:33,3527,16%,24%,17%,10%,33%,Awake,0,
2023-04-05T20:24:37,3531,16%,19%,21%,15%,29%,Awake,0,
2023-04-05T20:24:41,3535,22%,16%,14%,13%,35%,Awake,0,
2023-04-05T20:24:45,3539,24%,21%,14%,11%,29%,Awake,0,
2023-04-05T20:24:49,3543,21%,22%,18%,12%,27%,Awake,0,
2023-04-05T20:24:53,3547,21%,21%,15%,12%,31%,Awake,0,
2023-04-05T20:24:57,3551,21%,18%,15%,13%,32%,Awake,0,
2023-04-05T20:25:01,3555,20%,16%,19%,11%,33%,Awake,0,
2023-04-05T20:25:05,3559,22%,23%,17%,14%,23%,Awake,0,
2023-04-05T20:25:09,3563,27%,15%,16%,11%,31%,Awake,0,
2023-04-05T20:25:13,3567,23%,16%,16%,14%,31%,Awake,0,
2023-04-05T20:25:17,3571,22%,22%,15%,11%,30%,Awake,0,
2023-04-05T20:25:21,3575,23%,25%,18%,7%,27%,Awake,0,
2023-04-05T20:25:25,3579,22%,19%,19%,14%,26%,Awake,0,
2023-04-05T20:25:29,3583,22%,17%,20%,11%,30%,Awake,0,
2023-04-05T20:25:33,3587,18%,21%,19%,11%,32%,Awake,0,
2023-04-05T20:25:37,3591,20%,20%,17%,11%,32%,Awake,0,
2023-04-05T20:25:41,3595,21%,18%,17%,17%,29%,Awake,0,
2023-04-05T20:25:45,3599,19%,20%,18%,13%,30%,Awake,0,
2023-04-05T20:25:49,3603,16%,21%,14%,11%,38%,Awake,0,
2023-04-05T20:25:53,3607,37%,15%,13%,10%,25%,Awake,0,
2023-04-05T20:25:57,3611,21%,21%,21%,11%,26%,Awake,0,
2023-04-05T20:26:01,3615,23%,23%,15%,10%,29%,Awake,0,
2023-04-05T20:26:05,3619,24%,21%,13%,9%,32%,Awake,0,
2023-04-05T20:26:09,3623,19%,23%,15%,10%,33%,Awake,0,
2023-04-05T20:26:13,3627,21%,25%,14%,12%,29%,Awake,0,
2023-04-05T20:26:17,3631,20%,17%,20%,12%,31%,Awake,0,
2023-04-05T20:26:21,3635,15%,20%,25%,13%,27%,Awake,0,
2023-04-05T20:26:25,3639,26%,25%,12%,7%,30%,Awake,0,
2023-04-05T20:26:29,3643,32%,21%,12%,9%,26%,Awake,0,
2023-04-05T20:26:33,3647,16%,19%,19%,12%,34%,Awake,0,
2023-04-05T20:26:37,3651,22%,19%,19%,13%,27%,Awake,0,
2023-04-05T20:26:41,3655,25%,21%,16%,11%,28%,Awake,0,
2023-04-05T20:26:45,3659,20%,21%,20%,12%,27%,Awake,0,
2023-04-05T20:26:49,3663,17%,20%,15%,12%,36%,Awake,0,
2023-04-05T20:26:53,3667,24%,18%,19%,10%,28%,Awake,0,
2023-04-05T20:26:57,3671,28%,24%,14%,9%,25%,Awake,0,
2023-04-05T20:27:01,3675,26%,19%,16%,10%,28%,Awake,0,
2023-04-05T20:27:05,3679,27%,22%,15%,10%,26%,Awake,0,
2023-04-05T20:27:09,3683,19%,24%,17%,10%,31%,Awake,0,
2023-04-05T20:27:13,3687,20%,22%,15%,15%,29%,Awake,0,
2023-04-05T20:27:17,3691,19%,20%,20%,10%,31%,Awake,0,
2023-04-05T20:27:21,3695,20%,23%,15%,10%,31%,Awake,0,
2023-04-05T20:27:25,3699,21%,16%,19%,11%,33%,Awake,0,
2023-04-05T20:27:29,3703,20%,21%,12%,15%,32%,Awake,0,
2023-04-05T20:27:33,3707,20%,17%,18%,10%,34%,Awake,0,
2023-04-05T20:27:37,3711,18%,22%,17%,11%,32%,Awake,0,
2023-04-05T20:27:41,3715,24%,21%,14%,13%,28%,Awake,0,
2023-04-05T20:27:45,3719,18%,20%,18%,11%,33%,Awake,0,
2023-04-05T20:27:49,3723,18%,23%,19%,14%,27%,Awake,0,
2023-04-05T20:27:53,3727,38%,27%,10%,6%,19%,Awake,0,
2023-04-05T20:27:57,3731,22%,22%,15%,10%,32%,Awake,0,
2023-04-05T20:28:01,3735,25%,18%,16%,12%,30%,Awake,0,
2023-04-05T20:28:05,3739,22%,21%,17%,10%,30%,Awake,0,
2023-04-05T20:28:09,3743,20%,22%,15%,13%,30%,Awake,0,
2023-04-05T20:28:13,3747,21%,18%,17%,14%,30%,Awake,0,
2023-04-05T20:28:17,3751,39%,21%,13%,7%,20%,Awake,0,
2023-04-05T20:28:21,3755,21%,16%,17%,15%,31%,Awake,0,
2023-04-05T20:28:25,3759,29%,26%,14%,7%,24%,Awake,0,
2023-04-05T20:28:29,3763,34%,26%,12%,9%,19%,Awake,0,
2023-04-05T20:28:33,3767,45%,28%,9%,5%,13%,Awake,0,
2023-04-05T20:28:37,3771,25%,16%,13%,10%,36%,Awake,0,
2023-04-05T20:28:41,3775,22%,20%,11%,10%,37%,Awake,0,
2023-04-05T20:28:45,3779,22%,20%,15%,13%,29%,Awake,0,
2023-04-05T20:28:49,3783,26%,18%,14%,14%,28%,Awake,0,
2023-04-05T20:28:53,3787,39%,24%,13%,6%,17%,Awake,0,
2023-04-05T20:28:57,3791,19%,20%,17%,15%,29%,Awake,0,
2023-04-05T20:29:01,3795,15%,27%,15%,11%,33%,Awake,0,
2023-04-05T20:29:05,3799,19%,19%,16%,12%,34%,Awake,0,
2023-04-05T20:29:09,3803,17%,20%,20%,11%,32%,Awake,0,
2023-04-05T20:29:13,3807,38%,19%,12%,7%,25%,Awake,0,
2023-04-05T20:29:17,3811,22%,20%,12%,9%,37%,Awake,0,
2023-04-05T20:29:21,3815,21%,23%,16%,11%,30%,Awake,0,
2023-04-05T20:29:25,3819,22%,17%,12%,13%,36%,Awake,0,
2023-04-05T20:29:29,3823,26%,21%,16%,10%,27%,Awake,0,
2023-04-05T20:29:33,3827,16%,21%,15%,11%,37%,Awake,0,
2023-04-05T20:29:37,3831,18%,20%,13%,11%,38%,Awake,0,
2023-04-05T20:29:41,3835,20%,18%,17%,9%,36%,Awake,0,
2023-04-05T20:29:45,3839,19%,22%,19%,10%,30%,Awake,0,
2023-04-05T20:29:49,3843,21%,16%,14%,13%,36%,Awake,0,
2023-04-05T20:29:53,3847,22%,20%,14%,13%,31%,Awake,0,
2023-04-05T20:29:57,3851,20%,23%,16%,11%,31%,Awake,0,
2023-04-05T20:30:01,3855,22%,17%,16%,9%,35%,Awake,0,
2023-04-05T20:30:05,3859,22%,19%,15%,12%,32%,Awake,0,
2023-04-05T20:30:09,3863,20%,21%,16%,10%,34%,Awake,0,
2023-04-05T20:30:13,3867,47%,14%,13%,7%,19%,Awake,0,
2023-04-05T20:30:17,3871,28%,19%,18%,9%,26%,Awake,0,
2023-04-05T20:30:21,3875,19%,18%,17%,12%,34%,Awake,0,
2023-04-05T20:30:25,3879,25%,19%,14%,10%,32%,Awake,0,
2023-04-05T20:30:29,3883,19%,17%,16%,9%,39%,Awake,0,
2023-04-05T20:30:33,3887,17%,19%,20%,14%,30%,Awake,0,
2023-04-05T20:30:37,3891,15%,14%,24%,14%,33%,Awake,0,
2023-04-05T20:30:41,3895,19%,16%,16%,10%,39%,Awake,0,
2023-04-05T20:30:45,3899,24%,18%,20%,9%,30%,Awake,0,
2023-04-05T20:30:49,3903,19%,29%,13%,11%,28%,Awake,0,
2023-04-05T20:30:53,3907,27%,18%,17%,10%,28%,Awake,0,
2023-04-05T20:30:57,3911,23%,16%,18%,13%,30%,Awake,0,
2023-04-05T20:31:01,3915,15%,19%,22%,12%,32%,Awake,0,
2023-04-05T20:31:05,3919,20%,19%,16%,13%,32%,Awake,0,
2023-04-05T20:31:09,3923,45%,20%,9%,9%,18%,Awake,0,
2023-04-05T20:31:13,3927,24%,21%,18%,7%,30%,Awake,0,
2023-04-05T20:31:17,3931,47%,26%,8%,5%,15%,Awake,0,
2023-04-05T20:31:21,3935,35%,14%,11%,12%,28%,Awake,0,
2023-04-05T20:31:25,3939,16%,20%,16%,14%,34%,Awake,0,
2023-04-05T20:31:29,3943,17%,14%,19%,9%,41%,Awake,0,
2023-04-05T20:31:33,3947,21%,10%,14%,20%,36%,Awake,0,
2023-04-05T20:31:37,3951,21%,16%,16%,13%,34%,Awake,0,
2023-04-05T20:31:41,3955,17%,16%,15%,11%,41%,Awake,0,
2023-04-05T20:31:45,3959,17%,20%,18%,14%,31%,Awake,0,
2023-04-05T20:31:49,3963,14%,22%,17%,15%,32%,Awake,0,
2023-04-05T20:31:53,3967,20%,20%,16%,16%,28%,Awake,0,
2023-04-05T20:31:57,3971,25%,15%,13%,14%,32%,Awake,0,
2023-04-05T20:32:01,3975,17%,21%,18%,14%,31%,Awake,0,
2023-04-05T20:32:05,3979,16%,22%,18%,13%,30%,Awake,0,
2023-04-05T20:32:09,3983,18%,13%,16%,17%,36%,Awake,0,
2023-04-05T20:32:13,3987,21%,12%,20%,11%,36%,Awake,0,
2023-04-05T20:32:17,3991,20%,16%,21%,12%,31%,Awake,0,
2023-04-05T20:32:21,3995,30%,20%,10%,9%,31%,Awake,0,
2023-04-05T20:32:25,3999,22%,34%,11%,7%,26%,Awake,0,
2023-04-05T20:32:29,4003,31%,15%,14%,10%,29%,Awake,0,
2023-04-05T20:32:33,4007,22%,20%,13%,9%,35%,Awake,0,
2023-04-05T20:32:37,4011,23%,21%,13%,13%,29%,Awake,0,
2023-04-05T20:32:41,4015,26%,25%,10%,6%,33%,Awake,0,
2023-04-05T20:32:45,4019,38%,20%,11%,10%,21%,Awake,0,
2023-04-05T20:32:49,4023,35%,26%,10%,6%,23%,Awake,0,
2023-04-05T20:32:53,4027,65%,12%,5%,4%,13%,Awake,0,
Data Completed: 2023-04-05T20:32:54.8480930-07:00; Packets read: 2062910

SleepSummary.SessionTime,01:07:07
SleepSummary.TotalSleepTime,00:00:00
SleepSummary.SleepEfficiency,0%
SleepSummary.RemSleep,00:00:00
SleepSummary.N1Sleep,00:00:00
SleepSummary.N2Sleep,00:00:00
SleepSummary.N3Sleep,00:00:00
